Var1,pca_input1,pca_input2,pca_input3,pca_input4,pca_input5,pca_input6,pca_input7,pca_input8,pca_input9,pca_input10,pca_input11,pca_input12,pca_input13
1,1.73412224038425,-0.374947362675282,-1.64390952469731,-1.54244000607998,-1.64205614194994,10.8809893909439,9.68936122405562,6.98336894775474,16.4627839630469,23.9743079537338,0.206979490729026,1.01015896473602,0.228375989754471
1,2.00725616906492,1.60140930712725,-0.461990798486868,-0.434350199373095,-0.602369273041111,6.08010788736548,8.5099121412129,9.69176106588166,6.69779554154045,6.26915668821536,0.20033029301509,0.937683113472992,0.331214986431775
1,0.751175039838419,-0.346191583357613,-1.61946479296043,-1.64210723745857,-1.6332242409057,10.1856962926856,5.53844911547007,8.26030012405935,17.1633736587198,16.6572841807742,0.13724884992062,0.937113558898592,0.134106987807631
1,1.84102419698256,-0.0403971676441237,-1.71518691816578,-1.68771146201731,-1.67079021035577,10.2851385555258,3.56011497070687,5.47297801677414,15.5727848475145,14.3202572407712,0.151694244155292,0.846573477766038,0.103925110762281
1,2.04479853138031,-0.244798669242077,-1.72017990674686,-1.68903492426737,-1.69437357999809,10.0748103145361,4.66057187827397,5.91214752624569,16.4288458737729,23.1978347024829,0.172646505851771,0.927694994939345,0.129001359161211
1,0.34333560479794,-0.267566409280723,-1.62768428018566,-1.70046517600413,-1.65266896856389,10.2804890133702,4.94387100004807,10.3125572584739,17.301700413812,19.6468827043885,0.193982747875565,0.854573338323516,0.154487623017316
1,-0.165134555515994,-0.263636967637415,-1.65171718149102,-1.66316594762298,-1.6601995912351,9.91063648796968,9.75156516954145,7.61882613188587,15.0734635145869,28.4633587388712,0.0986606143213452,0.674598327255959,0.158663457324784
1,2.05003936167283,-0.284993873522194,-1.69703271341454,-1.63335048202368,-1.69570667027281,10.4541060411279,10.2514888311803,20.418300045405,20.143670019648,21.6558708941951,0.12180330752247,0.898654735655104,0.114655623941208
1,1.85235167593962,-0.161579041799506,-1.63871433316783,-1.63917310330073,-1.62070168382162,10.2590799257116,5.98447604125642,5.75669478813329,15.1365874314446,25.7523988496534,0.156611241619701,0.93732830091495,0.121682732012844
1,1.87276117452579,0.00958598016679961,-1.73434717164801,-1.70013063665926,-1.69032411018149,8.12559865115229,7.46152924035356,10.5013841834037,12.5882928262362,29.4511815216853,0.127059924440308,0.896913960620307,0.0989098085829782
1,1.92355116655647,-0.20117698940664,-1.74372939970707,-1.67988608765262,-1.70006626495704,9.15850430582828,7.77144444985675,12.80352422414,14.7317091952683,31.5933463704578,0.13156398909655,0.880196123790929,0.111530095534371
1,1.96630539741987,-0.219012117009221,-1.67573623646208,-1.6978206209323,-1.70619314513717,9.62573620433705,7.69929021192485,12.2483980917487,22.6946361862866,24.0677338765719,0.160859519809496,0.903517744686814,0.159981324948221
1,2.02369089427157,0.0250105428790041,-1.76486369849575,-1.71542742876187,-1.7192834428079,9.97050841754436,4.74219064283831,11.0495711797252,9.12955843451929,10.9693017733741,0.138452282912799,0.571710155247595,0.102300313945716
1,2.08942461845672,-0.23408198040872,-1.68434433961911,-1.69134182642329,-1.69206940196631,10.6635743107786,4.60030332670297,10.4213555338445,13.6322121940031,12.308061264595,0.170388749136852,0.572779029544279,0.136046823372298
1,1.85473382368155,-0.542489062333489,-1.69246606233401,-1.72294521798865,-1.69647302411425,6.70012652875901,7.13817122042425,5.98253271402828,14.3429749435938,22.2830627096216,0.16690326342975,0.902515182989229,0.122707066466838
1,1.82734027201635,-0.263356231124439,-1.57604099457752,-1.63497090560191,-1.60910863439414,8.7103822964263,7.27211942491545,10.3519462275301,12.9201483179621,17.9806097110581,0.174554999424245,0.92879572468773,0.130074831563464
1,1.85750391035738,-0.151754945882283,-1.62624956242215,-1.66456935873352,-1.60403721964405,7.65860646588726,6.88780519941703,8.34712037798971,15.8774375532015,20.1038004043433,0.163914275676774,0.90583345837458,0.150979720246443
1,1.87348758123134,-0.210658442357181,-1.63859105333169,-1.62764755216969,-1.5502959309023,8.64959025127349,13.3277119933147,6.67867136208922,21.2756001746296,17.2700843643999,0.172716916698477,0.87153099639782,0.129026039733472
1,1.83468788195526,-0.106652503027615,-1.65341612082132,-1.66742736504101,-1.62798830494608,6.77317091004719,7.30880322974718,9.37711216516789,21.4465262542001,28.0518622687369,0.146683122063349,0.93970032813132,0.112631505371702
1,1.85113250095401,-0.00422844609671756,-1.61173315480568,-1.62612443990056,-1.6196676631241,7.28283988724123,8.48528137423857,7.24969927203079,20.5641367659874,27.2012311622872,0.212084857792281,0.913459152276931,0.131726353016984
1,2.04933303569766,-0.336500901501823,-1.61657636692538,-1.70957085230241,-1.65889096848284,10.4304968436219,12.5725799835141,12.5318199647101,14.3421642166935,28.3483316436214,0.177441014488741,0.716732268091508,0.158967810262619
1,1.95196444348606,-0.352314499223497,-1.68576694996058,-1.65331020890914,-1.64814626525889,10.0718420514972,11.6189500386223,8.38603490306049,13.667990104195,24.7348732256378,0.17014929266528,0.840693776421009,0.144075899682763
2,-0.373764506852575,-0.521473448036842,-0.34934251177716,-0.336875305546746,-0.348853354721203,10.51646933597,26.2589962435911,9.54548474776255,9.41917885128837,18.180618353646,0.212581506538089,0.00725976959172372,0.243060631336543
2,-0.119401678543926,-0.346440879377682,-0.370957493281581,-0.330430399859403,-0.328876196208421,10.334956160635,25.7722583862102,15.0618878337438,17.7318528262323,30.3671333961188,0.206247350278003,0.0131860840261058,0.251701826285076
2,-0.310686587830531,-0.374759913928944,-0.379378161222116,-0.349382922797053,-0.340518121924286,10.5633864093896,28.2665880502051,6.63149637608636,13.0151968420462,30.0476365978471,0.176591497509447,0.0131074469379183,0.166516656930497
2,-0.109481275867844,-0.389105861253003,-0.3710938,-0.3710938,-0.3710938,10.2276769190225,27.281904727885,7.72040485744049,15.1281348855792,32.1392319845721,0.201648250021822,1.34803465919245e-15,0.237373227368029
2,-0.617741209137362,-0.280418985611108,-0.3710938,-0.3710938,-0.3710938,10.3252945940581,23.8019932720125,14.8527657748579,14.6462154806959,32.8958893310961,0.213411430539745,1.34803465919245e-15,0.230092999522712
2,-0.157695063369548,0.425804753058712,-0.3710938,-0.3710938,-0.3710938,10.272744190036,23.2078575306466,6.87259471666523,8.71379553111843,20.3801088615665,0.200981238982714,1.34803465919245e-15,0.207015275162524
2,-0.378300261415882,-0.421977430659533,-0.3710938,-0.3710938,-0.3710938,10.158525892927,23.7290911634192,9.11808833493737,5.85880375122335,8.87772231421844,0.200688842145494,1.34803465919245e-15,0.211351809415519
2,-0.200373367570802,0.0706681309346235,-0.3710938,-0.3710938,-0.3710938,10.2464737742291,17.4515941831938,16.3059412770386,14.1979363059861,32.9004841980345,0.161372139216355,1.34803465919245e-15,0.150548960692752
2,-0.533324263258817,-0.438769280696039,-0.3710938,-0.3710938,-0.3710938,10.1485529614535,27.8296311885915,14.331620593541,10.8026697819847,25.1007273127276,0.192262339157432,1.34803465919245e-15,0.183691932304792
2,-0.625574083792207,-0.524361091427878,-0.3710938,-0.3710938,-0.3710938,10.2841303531856,20.0760183210692,11.8095349730237,10.4191237412214,10.2082957600954,0.167306488245242,1.34803465919245e-15,0.175767672306721
2,-0.502036183909691,-0.635960529284169,-0.3710938,-0.3710938,-0.3710938,10.1546547777242,23.3755984875503,11.2218640411537,11.0158448250374,18.4113210874735,0.179849215207858,1.34803465919245e-15,0.160146266388845
2,-0.485565142756527,-0.503816717147838,-0.3710938,-0.3710938,-0.3710938,10.0325583161922,32.5483540111817,13.5860735810181,10.8692012072517,22.666438667344,0.209504314006116,1.34803465919245e-15,0.175808423178478
2,-0.507829691067134,-0.521757512426169,-0.3710938,-0.3710938,-0.3710938,10.2512161028159,31.1392222573188,16.4196422361387,20.2254732315924,27.7186865019854,0.194986052674444,1.34803465919245e-15,0.27070367875828
2,0.898751330878289,-0.399099183143032,-0.3710938,-0.3710938,-0.3710938,10.3766901496731,31.6580567650564,7.61577310586391,8.7696622936226,32.049380504117,0.223391447036094,1.34803465919245e-15,0.227668443959252
2,-0.216285335942657,0.081087818293864,-0.3710938,-0.3710938,-0.3710938,10.451357891106,22.5569047851954,10.7162124513433,8.74044328608162,27.9201519286864,0.204021194379763,1.34803465919245e-15,0.178343173327556
2,-0.620970605035183,-0.364124016823138,-0.3710938,-0.3710938,-0.3710938,10.4114223051461,16.3735464471144,10.4558874035325,11.8616050523782,14.439931714069,0.2194489475906,1.34803465919245e-15,0.231936870305596
2,-0.305687985182985,-0.231253354503453,-0.3710938,-0.3710938,-0.3710938,10.4165070205286,22.552264878783,8.66428112666368,12.1636132942515,21.4036510686791,0.182021880063992,1.34803465919245e-15,0.203633346013689
2,-0.473961917906143,0.544560049133452,-0.3710938,-0.3710938,-0.3710938,10.2084998954744,33.9195354290257,7.20142104839587,9.59651099388804,21.5778741112926,0.231574463808376,1.34803465919245e-15,0.215399802866263
2,1.94208797906377,1.94208851356176,1.82554480299229,1.82503580156867,1.4592405158826,5.73288689613477,2.57898483723687,2.3918466156002,2.01736646196482,1.76529857807892,0.0209660164202644,0.957213405202546,0.052731346790542
2,1.92524515862955,1.93944867659771,1.82339669421219,1.45758397566879,1.80038647031818,5.82551869605986,1.67053813916911,2.8160668596714,1.73205080756888,2.09650872576512,0.0228788954023596,0.926778353692898,0.0612499304556389
3,-0.0627734151979658,2.05385089568327,1.25077196267375,1.45762167570928,1.26486436444919,8.4635934350103,16.233041240229,5.46447299529232,8.77893885625481,19.1833260932509,0.141431245350274,0.820605810211034,0.128089942716466
3,0.0628788246241984,2.05503349836664,1.39217199470998,1.38901876029366,1.23594662723103,9.58148967578964,19.1548160195859,7.91524875103099,8.44544737686221,8.85148785285854,0.156862542443896,0.827697979495519,0.1074803969475
3,0.0125614193640838,1.9187406666526,1.33475440089085,1.66774701969601,1.2897073529677,9.09228292666554,15.9585218176575,6.25058136830971,6.85226155164067,8.85936634827928,0.120054125732609,0.855336097089273,0.136064790890316
3,-0.0224450004407,2.007621658142,1.61535558641531,1.77243335262327,1.34174225173149,9.53414211129663,14.9269539253115,14.4036494083642,6.9097167848264,9.49418426636649,0.146365127806196,0.865929693633086,0.142192235069496
3,0.241355813427912,2.08843116816218,1.65003164324601,1.56749318506082,1.42443084187058,8.79354655616157,20.3778265267297,8.90779642837118,12.029034642007,9.56860175443015,0.131713600420789,0.839836232326841,0.15422864952918
3,0.85660377015877,1.87474160591927,1.74462110416494,1.37260761902621,1.27868218941976,10.129546460163,21.320914505453,4.30251413791713,7.28489996100567,9.61587834152813,0.150159112336646,0.788741483698351,0.139359924430051
3,1.91207364662069,1.90941081449949,0.503816800016704,1.06909753061489,1.67238621416928,5.69094785756787,13.8530493662654,8.71646397262368,9.92295904854342,10.5621086689583,0.119027376078639,0.770961307320127,0.133998536463926
3,0.43475191475486,1.9101193650906,1.2651552527255,1.4241302699904,1.06939870175812,9.54460327754658,18.434674103502,11.4037937383972,9.90771369679577,10.4101917860938,0.127631551010102,0.803963326964684,0.128982574390994
3,0.490673221811989,1.98174535899882,1.23561502295237,1.45595562004736,1.20723942788846,9.50468952606787,18.8148877222268,8.30942306227737,6.39949125884965,11.8684651541924,0.120320053596569,0.753465508686318,0.142165495664526
3,1.06658890403147,1.97863127511144,1.61605635314017,1.66764510034226,1.29200272523001,9.89120911162642,21.0160514513229,7.58824059639896,9.43767807470993,15.8576516634422,0.112139299165615,0.731328678879484,0.173887158460195
3,0.290685091304874,1.96203236304032,1.5258637820055,1.34210710846374,1.25283912992089,9.78793841881,28.3118021244654,8.49486849207652,9.67975590697434,9.85357921040948,0.151769245839819,0.792347996726397,0.133036893996479
3,1.92327237290447,1.29084633186809,0.58738547379906,0.871171417632327,1.55228835131478,5.73983463064277,14.1495336433955,8.00871618199327,8.29962173416551,13.3425355841367,0.129647488841983,0.841692075193177,0.15987035207091
3,0.504692430317377,2.03327857536976,1.47057916333319,1.52412475142318,1.13571283953667,9.69452262453964,22.1385699418406,7.16905494728624,7.46931708219825,8.9818939319417,0.127748129429813,0.746125638414198,0.12915993653957
3,0.255986043468662,1.99336639504964,1.24117654462386,1.40245227564554,1.18430331196935,8.46290293243463,10.9565739000797,5.47297801677414,7.17553984680061,16.5206002481187,0.148952646022276,0.765611940300497,0.127486797205666
3,0.213050783645149,1.92625873432952,1.57185678569228,1.25521048201081,1.02474449332226,7.45028660366975,24.8979311739788,11.2229001765182,4.75198856783528,4.83446925972808,0.126356015308099,0.727832980932349,0.140852902239127
3,0.529456045240168,1.97516954059147,1.66079655332225,1.41595587596931,1.33522334677468,10.1658603008183,31.1481829698874,15.3000987988906,9.54913852196249,11.8233116204564,0.148810624248409,0.841285981369292,0.129669188388017
3,0.142553600250333,1.94418148644275,1.38566616084333,1.54109478356849,1.06514381776752,8.97297459235916,24.613760568071,13.2014798324825,7.00498161609725,5.67532398419521,0.107824592135147,0.803632408510948,0.14855048050735
3,0.752091730394025,2.06259169090769,1.37501517736706,1.41623366950679,1.29285303488574,9.80862524030983,15.206332830092,7.16094056443997,6.35390376251134,8.78291152657938,0.1265836631527,0.785505962242181,0.146102690071734
3,1.22210118410941,2.02634085144126,1.35102022014929,1.39078090632392,1.34841548604463,10.1283401410644,12.9030373204538,4.13718250380225,9.05923658162543,12.057999371256,0.131442291400693,0.792402002103922,0.143998327110042
3,0.34601271229062,2.07156400930324,1.32096091121152,1.68973168856473,1.23656383453788,9.54609786696753,22.8259338431958,10.4213555338445,8.74576309380853,13.7612533231263,0.12915652209497,0.801923831499997,0.170618431502918
4,1.95092576998544,1.94222761050769,1.51315334058272,1.59501516873699,1.44299510524654,5.63501289753925,4.89660537373051,1.78495000255691,1.64952424430747,1.67748427365865,0.0129313695191277,1.18002076475875,0.0337684217888002
4,1.95344541455468,1.9354474945842,1.55513357479533,1.6549711167883,1.44554126823019,5.64264087136385,4.88233645935279,1.89245748930781,1.36398867894095,1.74542591590333,0.0177475954349258,1.24748662624371,0.0450883405827135
4,1.94447767284881,1.93729663085334,1.65654991368962,1.59220807763607,1.52670545102102,5.65591083108924,5.03707186997126,1.82998284399126,1.32067635948844,1.67053813916911,0.0146631937409637,1.16501984859239,0.0268208532471013
4,1.9550782,1.9550782,1.5476999167057,1.57571020459509,1.53101738277145,5.652396,3,4,1,1,7.0210138499607e-17,1.1437202783474,3.14541420478239e-15
4,1.9550782,1.9550782,1.51207088315805,1.64762167797441,1.50820099065494,5.652396,3,4,1,1,7.0210138499607e-17,1.10596195527914,3.14541420478239e-15
4,1.9550782,1.9550782,1.58996814890744,1.51749809967755,1.49804792452293,5.652396,3,4,1,1,7.0210138499607e-17,1.18226713818206,3.14541420478239e-15
4,1.9550782,1.9550782,1.48942503996255,1.51614103935861,1.4749423494744,5.652396,3,4,1,1,7.0210138499607e-17,1.200276875991,3.14541420478239e-15
4,1.9550782,1.9550782,1.55673801982305,1.54280925705539,1.40944989419731,5.652396,3,4,1,1,7.0210138499607e-17,1.13531140671339,3.14541420478239e-15
4,1.9550782,1.9550782,1.6051583090857,1.56834053142249,1.46666311047457,5.652396,3,4,1,1,7.0210138499607e-17,1.18909067788792,3.14541420478239e-15
4,1.9550782,1.9550782,1.49138572279141,1.46889755886543,1.37455771454721,5.652396,3,4,1,1,7.0210138499607e-17,1.2008648706295,3.14541420478239e-15
4,1.9550782,1.9550782,1.52895466768754,1.41136243264295,1.40641896438663,5.652396,3,4,1,1,7.0210138499607e-17,1.21499203086801,3.14541420478239e-15
4,1.9550782,1.9550782,1.48436137655885,1.4895315756384,1.47132469030994,5.652396,3,4,1,1,7.0210138499607e-17,1.16843402437537,3.14541420478239e-15
4,1.9550782,1.9550782,1.55027397858203,1.55122164252547,1.414382352218,5.652396,3,4,1,1,7.0210138499607e-17,1.14909962635459,3.14541420478239e-15
4,1.9550782,1.9550782,1.64918898834299,1.4228731751473,1.4162444996978,5.652396,3,4,1,1,7.0210138499607e-17,1.11899542613258,3.14541420478239e-15
4,1.9550782,1.9550782,1.56172740913798,1.48130408875997,1.45172157026866,5.652396,3,4,1,1,7.0210138499607e-17,1.14773857387872,3.14541420478239e-15
4,1.9550782,1.9550782,1.47287984958251,1.49687762557672,1.46697789372246,5.652396,3,4,1,1,7.0210138499607e-17,1.19919016340978,3.14541420478239e-15
4,1.9550782,1.9550782,1.53394538218764,1.67171160678001,1.52008627501267,5.652396,3,4,1,1,7.0210138499607e-17,1.17948559442131,3.14541420478239e-15
4,1.9550782,1.9550782,1.5047835220967,1.55032739251538,1.52657338625764,5.652396,3,4,1,1,7.0210138499607e-17,1.11962130811909,3.14541420478239e-15
4,1.9550782,1.9550782,1.53117772204298,1.53114399111632,1.58857060870825,5.652396,3,4,1,1,7.0210138499607e-17,1.14540887217731,3.14541420478239e-15
4,1.9550782,1.9550782,1.5474494605075,1.56799041562049,1.43423129841002,5.652396,3,4,1,1,7.0210138499607e-17,1.09630884338785,3.14541420478239e-15
5,1.94150787159729,0.379814777645939,0.461566484155747,0.539594631718278,1.82532079946995,5.81062117756239,6.37764992804177,4.04911704414793,4.16240091718095,8.58338037166309,0.306313613550556,1.52380905306031,0.168585430349605
5,1.90018247386429,0.233243825401338,0.1971532949382,1.40372325210922,1.69128177582302,8.58283259185857,4.43820621632261,3.2024699769847,5.00929368831714,9.67855457207589,0.356301172078146,1.47509247088991,0.105334249282039
5,1.94052392694585,-0.344048640340482,0.258771678604958,0.655891255991233,1.94579432463353,6.54359385284446,5.41530990759983,4.29169018583154,4.72499538574895,8.61853060373065,0.33888060446543,1.53258095643537,0.0565536235066997
5,1.9014195306607,0.00881486268915467,0.380523701079061,1.74236222802508,1.44960858455966,8.89840253680742,2.55178915801771,2.71943906664762,2.63253348661314,9.56738646240081,0.313772550249782,1.4402058362,0.0833339757557718
5,1.98476226082123,0.157971627232054,1.07247942194924,1.78911751731858,1.37147774186607,10.5622337245602,3.95027228970241,2.7407349209613,3.13272301494596,5.91804493172817,0.268010021662756,1.37016248055983,0.0544333450360526
5,1.90654194867813,-0.134480166858932,0.293335237514239,0.327639148936167,1.88674443573008,6.15083728828984,2.58348961767822,2.86924347860806,4.4460591382105,9.40929772729773,0.254920977781653,1.57036828525498,0.0730799362441994
5,1.92022685654958,0.491421972480763,0.224235567232328,0.927377634429284,1.85963351206284,8.24213687462139,3.90884506823203,14.7947193596307,3.85492738145339,14.6327126353854,0.224937979754644,1.48746568259058,0.0868932706352195
5,1.83904071818581,0.198906208773509,0.164003241690852,1.83333631669853,1.45125683679527,8.65454272957987,4.06345024664714,6.21700593458762,3.67897862469059,6.4789462249695,0.28338299192045,1.40271890969642,0.076301643787804
5,1.92965991303214,-0.014371303368617,0.323863708908705,0.166642935611776,1.40368102010758,6.27304290880236,3.00387346836605,13.0419716015568,6.08276253029822,14.6803142986442,0.201214037501911,1.61793396405616,0.0801193398034207
5,1.90991839042699,0.563817702105203,0.447613461679193,1.92209290378744,1.52695451904309,8.91047475642276,5.95135317815728,7.98108228366333,3.49418120960854,10.0197479427982,0.270744871121547,1.40127522719799,0.0725648011450252
5,1.91642990984633,0.0191073309628299,0.411822110204914,0.189899092530081,1.53613225930788,6.13474196518698,3.60877483558527,6.28767713237013,3.71983995654727,6.7220567173766,0.241249489805541,1.57987218870357,0.0683302905243881
5,1.91614830853021,0.0948847085120072,0.298593143790187,1.55069679646862,1.76610098196662,10.6161210028806,4.34286369994259,20.5652676267084,5.76678540900287,22.0269391090008,0.192669635885155,1.45218248598987,0.0874464351631315
5,1.90943300521709,0.371878176810799,0.328705686428395,0.68698576464994,1.78474375289105,6.5473979463765,4.05772304119808,2.63694678977279,2.91746943548287,5.53424854670841,0.27011726958087,1.49747649390449,0.0639472839580053
5,1.92136190057427,0.645318251774424,0.21527937767453,0.681907669605657,1.73521786515576,7.12409808271642,4.1202844787765,5.74456264653803,3.91181870507765,12.0019378280304,0.31954917084317,1.52046149556544,0.094520673628146
5,1.93893492177701,-0.213154165151478,0.467233961149369,0.242903919630448,0.882491132702259,5.85979335170491,5.3352709658526,14.3648472741377,3.72920591335287,6.85226155164067,0.224114174191569,1.62755938272114,0.0765094123034179
5,1.89796108572574,-0.688560364501425,0.369794887459713,0.139718068638238,1.25861274310672,6.16943899658217,4.10898052200696,9.96738868557369,6.65425200660764,15.3728846153007,0.235504713931111,1.59721271782126,0.0752376425922297
5,1.96554384000243,-0.491899314571935,0.00784146223894695,1.77478694181818,1.74451068699425,10.0695957012698,4.32945562935014,5.33744996164116,3.32362928557127,13.7528009832078,0.261249560079354,1.4035602238671,0.0981529243533086
5,1.91507629086326,-0.93596878686385,0.364007748842414,0.356486210915609,1.73927052997475,7.60831391055813,5.39379488447734,7.87696081162697,3.52070288965276,7.54521255884415,0.193027131263422,1.57475819976302,0.139901661819395
5,1.91697064141727,-0.194337145933227,0.153844519519097,0.613140794261158,1.64678611109989,7.37948230828249,3.56664130977004,3.18426363288609,5.25843729549927,9.53939201416946,0.282067903286523,1.53823584887901,0.0614769309357778
5,1.91098487849869,-0.139635579992033,0.312178952882632,0.113967923281724,1.42181244032765,6.46361781550818,4.36423093200932,11.5768413573804,3.87598449609302,8.1283311597068,0.196447754746062,1.58241692945613,0.104502797272257
6,1.93535138423803,1.93494474122191,0.936100268045301,0.858645779748416,0.809333261818741,5.65548655002769,5.09217365750026,1.7784236552842,1.64245986818694,1.4142135623731,0.0191607281968563,1.58427278929301,0.048471306309483
6,1.95033673890546,1.95559585918232,1.39427640168646,0.94926345975891,0.997727521688402,5.64113068359628,4.52126757282914,1.35543694147887,1.32067635948844,1.40596734885505,0.0140030308738331,1.5470299693516,0.0504433077511265
6,1.9476241354178,1.93199446796859,1.41576101736868,0.903361922201923,0.9003712303523,5.69397548686271,3.86095541857013,1.57006887717379,1.72532437125501,2.98445585395161,0.0116099245934164,1.55046221505717,0.0466536260304435
6,1.94794552876582,1.9482422,1.33424006074694,0.989745259520986,0.899811065873645,5.68105293603246,3.49750741808147,1.19105190951645,1.81082019191356,1.15133895762666,0.00462640801447047,1.5244118143138,0.0172202103246005
6,1.9482422,1.9482422,1.34764678364015,0.900094054344528,0.996824977869887,5.681046,4,1,2,1,5.61681107996856e-17,1.47650824337622,0
6,1.9482422,1.9482422,1.34412605435295,1.02241179458567,0.753406903467881,5.681046,4,1,2,1,5.61681107996856e-17,1.58213231514379,0
6,1.9482422,1.9482422,1.37019101859473,0.945930565178586,0.910030735828877,5.681046,4,1,2,1,5.61681107996856e-17,1.53592077794454,0
6,1.9482422,1.9482422,1.21293172099245,1.33237791803921,0.834528058598692,5.681046,4,1,2,1,5.61681107996856e-17,1.62575928678671,0
6,1.9482422,1.9482422,1.32614879240736,0.876092160283471,0.972554216751849,5.681046,4,1,2,1,5.61681107996856e-17,1.56876955950661,0
6,1.9482422,1.9482422,1.40015580762439,0.86798756487203,0.987428804808364,5.681046,4,1,2,1,5.61681107996856e-17,1.54132960488063,0
6,1.9482422,1.9482422,1.37294372480865,0.84957290758493,0.86704482799247,5.681046,4,1,2,1,5.61681107996856e-17,1.57130303997726,0
6,1.9482422,1.9482422,1.31215936332332,0.82410389231983,0.94353931432393,5.681046,4,1,2,1,5.61681107996856e-17,1.57699969542094,0
6,1.9482422,1.9482422,1.32111241286458,0.931648648913011,0.863053262470809,5.681046,4,1,2,1,5.61681107996856e-17,1.55980486220124,0
6,1.9482422,1.9482422,1.07610621000199,1.31449288911005,0.869487288779831,5.681046,4,1,2,1,5.61681107996856e-17,1.64897791281062,0
6,1.9482422,1.9482422,1.27062855918317,0.78892887683582,0.867488007541099,5.681046,4,1,2,1,5.61681107996856e-17,1.58606071185006,0
6,1.9482422,1.9482422,1.33151805121094,0.872121408818745,0.875544862471924,5.681046,4,1,2,1,5.61681107996856e-17,1.52386030031923,0
6,1.9482422,1.9482422,1.34276351050791,1.01917786342707,0.894958436050551,5.681046,4,1,2,1,5.61681107996856e-17,1.51900832548859,0
6,1.9482422,1.9482422,1.29506768602167,0.895141998362463,1.00188706197662,5.681046,4,1,2,1,5.61681107996856e-17,1.54446139173397,0
6,1.9482422,1.9482422,1.02715488143866,1.24698961074071,0.993943817664533,5.681046,4,1,2,1,5.61681107996856e-17,1.71139061961529,0
6,1.9482422,1.9482422,1.21166522768469,1.33103693397233,0.826721961340431,5.681046,4,1,2,1,5.61681107996856e-17,1.57651682590135,0
7,1.90825325370902,1.93596614333165,0.590302301036411,0.635195861232813,0.547433092906392,5.76715512549728,1.92293380505015,1.57745747740573,1.23890424203416,1.43056339527718,0.0161487530043733,1.64641318483866,0.0776099713374155
7,1.91613439388536,1.91344041920975,0.564170043771969,0.564731292383618,0.556333537068288,5.81221226785199,2.91746943548287,1.48637220290928,1.40596734885505,1.51734161657662,0.0138407952004063,1.64893626850469,0.070826429984489
7,1.92200884468816,1.9365234,0.576455962795364,0.529806108441066,0.531263715242711,5.776555680084,1.63536497597667,1.75869930795857,1.2667482633857,1.691290961449,0.00453388048495673,1.74034227831504,0.050500984325692
7,1.9365234,1.9365234,0.59250792261187,0.583543838849247,0.566291860240477,5.778768,2,2,1,2,5.61681107996856e-17,1.68523206229853,1.34803465919245e-15
7,1.9365234,1.9365234,0.59082306161783,0.414237636973833,0.612743644793148,5.778768,2,2,1,2,5.61681107996856e-17,1.64214884912054,1.34803465919245e-15
7,1.9365234,1.9365234,0.608267320865701,0.593178179307773,0.509454991186496,5.778768,2,2,1,2,5.61681107996856e-17,1.59857862208951,1.34803465919245e-15
7,1.9365234,1.9365234,0.453122601623395,0.545168246236714,0.569152020568443,5.778768,2,2,1,2,5.61681107996856e-17,1.62488589518504,1.34803465919245e-15
7,1.9365234,1.9365234,0.441017480394297,0.566696524720103,0.649293495328355,5.778768,2,2,1,2,5.61681107996856e-17,1.66225614250421,1.34803465919245e-15
7,1.9365234,1.9365234,0.593747078097626,0.623908551048115,0.51257943729061,5.778768,2,2,1,2,5.61681107996856e-17,1.62120830597478,1.34803465919245e-15
7,1.9365234,1.9365234,0.562128895186375,0.590593522211039,0.631412637384299,5.778768,2,2,1,2,5.61681107996856e-17,1.71419406183758,1.34803465919245e-15
7,1.9365234,1.9365234,0.55700212030226,0.614422609423958,0.581116913823468,5.778768,2,2,1,2,5.61681107996856e-17,1.70109365775121,1.34803465919245e-15
7,1.9365234,1.9365234,0.519734303282447,0.53486369819926,0.625228852309294,5.778768,2,2,1,2,5.61681107996856e-17,1.7135420970631,1.34803465919245e-15
7,1.9365234,1.9365234,0.611222326157149,0.444897152688263,0.573407442903605,5.778768,2,2,1,2,5.61681107996856e-17,1.74195817256093,1.34803465919245e-15
7,1.9365234,1.9365234,0.5670621143268,0.700770309767046,0.673831448919462,5.778768,2,2,1,2,5.61681107996856e-17,1.66781952716585,1.34803465919245e-15
7,1.9365234,1.9365234,0.603178161404918,0.611397090764791,0.428012000856256,5.778768,2,2,1,2,5.61681107996856e-17,1.7061911265952,1.34803465919245e-15
7,1.93651218833973,1.93240579627419,0.612333146411597,0.596049993946668,0.543350917922782,5.76918430620291,2.94128590767672,1.89859188947775,1.07832773203438,1.81082019191356,0.00491073454608075,1.72653093762767,0.0505843707849993
7,1.94291989583431,1.92975184692491,0.430001735196576,0.522486035645613,0.420217805933542,5.81780868561327,1.52498570332605,1.56264534207743,1.4386686351834,1.51734161657662,0.0120983470807655,1.69312226894172,0.0383868658307049
7,1.93462666139386,1.92664903712905,0.701244166271836,0.637510671975974,0.587805169371293,5.82374184338096,1.2849757938178,1.67053813916911,1.48637220290928,1.53259166424143,0.016280253682463,1.68387014525572,0.0608444792179582
7,1.93427629631967,1.92825315517225,0.785723018976642,0.655054962541056,0.606198736516258,5.82552601009188,1.34683090563444,1.50193673418303,1.2849757938178,1.47064295383836,0.0156783889099453,1.79011496041093,0.0349286954003738
7,1.93569146859897,1.91636068591848,0.602740587029748,0.729403964067105,0.897015397079285,5.8944746620015,2.93336856920345,1.59213181644305,1.39767248384342,1.74542591590333,0.0156654156932324,1.70003907282172,0.0470012302144668
8,1.93488766541196,1.93427797399845,1.2600669995217,1.82652325811376,1.76649982568949,5.78305153473269,2.21516968744745,1.62108203886916,1.32945171422851,1.45474364400311,0.0089436193983744,1.0902902674849,0.0425133522730542
8,1.92009235735314,1.92198562340696,1.75845675974211,1.91260601917089,1.47969452826367,5.86327892243991,2.44948974278318,1.39767248384342,1.45474364400311,1.4386686351834,0.0233055988165433,1.21667869029802,0.0803405624224769
8,1.92046655497574,1.91980662423399,1.74052303521035,1.68672107326642,1.72187808468179,5.8444880613487,1.30294835607734,1.58481163138612,1.40596734885505,1.35543694147887,0.0212623386346424,1.20603505767601,0.0781722653077162
8,1.91595033809602,1.92296851318868,1.69102657844202,1.85486156282364,1.91464054417289,5.82857460176143,1.38093328737707,1.34683090563444,1.16139451062175,1.58481163138612,0.0163701457066613,1.18746278272979,0.0812159763594778
8,1.92417931767134,1.92226314304518,1.97652641138282,1.55796700888497,1.9114669314777,5.79715569889567,1.38932809592966,1.46271490172245,1.49417473527526,1.83632595779067,0.0170295656611858,1.15015501434736,0.0664767446147088
8,1.92438881989899,1.9310998753862,1.89680564780596,1.64021206662012,1.77066164678869,5.8367941344748,2.10204772808868,1.74542591590333,1.29399327844126,1.33816952379682,0.0191971262818188,1.10916662194691,0.0548987400906572
8,1.9404296,1.9404296,1.92474505829295,1.49622192386825,1.58525831219548,5.668744,2,0,2,0,0,1.12606100649899,2.24672443198742e-15
8,1.9404296,1.9404296,1.94105031272219,1.58412228039316,1.92150787043147,5.668744,2,0,2,0,0,1.13048694596983,2.24672443198742e-15
8,1.9404296,1.9404296,1.62974293938726,1.9007764636045,1.81206087015747,5.668744,2,0,2,0,0,1.06016639141483,2.24672443198742e-15
8,1.9404296,1.9404296,1.60096555550142,1.98552964387528,1.86084565031349,5.668744,2,0,2,0,0,1.04495906179484,2.24672443198742e-15
8,1.94008309805186,1.93164090821855,1.67540430814809,2.030217795307,1.82235052669058,5.73576810963197,2.74497426598688,1.54769145413719,1.24825459537857,1.49417473527526,0.0173007118614566,1.07404280966017,0.123422970460321
8,1.91707900792208,1.92746428318375,1.85460165618839,1.67079714974032,2.0560720354961,5.75264938201135,1.84894690328381,2.06296242173443,1.23890424203416,1.691290961449,0.0148935583286468,1.0602986316322,0.0341153679059571
8,1.93349217248939,1.93892928132015,1.52001616135214,1.88996014784997,1.80451775406027,5.77116752673708,1.23890424203416,1.61389316957186,1.34683090563444,1.62108203886916,0.0174898046911317,1.02056194038803,0.0282501390607226
8,1.93750837865232,1.94778798702168,1.81970533365475,1.96290020635283,1.50245430896422,5.75167085693094,1.48637220290928,1.67748427365865,1.46271490172245,1.59213181644305,0.0193486972401955,1.11895751970218,0.0434901602223041
8,1.93477961431134,1.9238282,1.4119055594007,2.0391417791733,1.8291604858763,5.77487448284366,1.21998856266084,1.57745747740573,1.73205080756888,1.11020634997954,0.009714489670593,1.01093777121402,0.0345591141733128
8,1.9238282,1.9238282,1.68349168357128,1.83944543069039,2.00153271709802,5.775582,1,0,2,1,1.40420276999214e-16,1.03893358666968,1.34803465919245e-15
8,1.9238282,1.9238282,2.05499212491945,1.42737059867919,2.14047695490977,5.775582,1,0,2,1,1.40420276999214e-16,1.02519296513716,1.34803465919245e-15
8,1.9238282,1.9238282,1.75841277898256,2.08229754535503,1.89688238520881,5.775582,1,0,2,1,1.40420276999214e-16,1.10208326948763,1.34803465919245e-15
8,1.9238282,1.9238282,1.91228375997683,1.59906508343959,2.33993919167845,5.775582,1,0,2,1,1.40420276999214e-16,0.980842732452054,1.34803465919245e-15
8,1.9238282,1.9238282,1.59652682424558,1.99234750096193,1.694622813416,5.775582,1,0,2,1,1.40420276999214e-16,1.04879454893591,1.34803465919245e-15
9,1.92795920959994,1.95638507782893,0.882629195037361,1.01425061297713,0.847348139997887,5.75307384304942,5.33962806822505,1.32945171422851,1.34683090563444,1.66356300165191,0.0257919431047025,1.60374940498292,0.0634404431618287
9,1.94244820816377,1.92981223821108,0.495295192093839,1.16506486925638,1.26702730801069,5.68644391973091,1.77187326965586,1.47852849537231,1.35543694147887,1.691290961449,0.01322367372699,1.43600733919239,0.0327031599843724
9,1.94869049353096,1.93819199191136,0.463662893783845,1.27552504809542,1.1935683765874,5.68283709221106,1.46271490172245,1.30294835607734,1.56264534207743,1.5401600641673,0.0242325239120875,1.44215678167343,0.07516869104539
9,1.95215369085873,1.94051161419473,0.59959803925392,1.14352359635003,0.998463059435228,5.65845126158884,1.4386686351834,1.51734161657662,1.42241197054633,1.27589457900886,0.0187576158725011,1.44049367907513,0.0424413625243012
9,1.95349403948809,1.9420307645875,0.121926200082049,0.962763509202691,0.912810017537464,5.6873873571603,1.60667213482938,1.50965882484814,1.48637220290928,1.53259166424143,0.0142875253940281,1.54978212163933,0.0356018740033342
9,1.9521484,1.9521484,0.140542173338158,1.03587397848198,0.992165893315887,5.621252,1,1,1,2,7.0210138499607e-17,1.53869517029677,0
9,1.9521484,1.9521484,0.86390829152193,1.00626018375498,0.943622579243224,5.621252,1,1,1,2,7.0210138499607e-17,1.56476511417957,0
9,1.9521484,1.9521484,0.323486937867918,0.762343900206779,1.04301117414084,5.621252,1,1,1,2,7.0210138499607e-17,1.49739484391238,0
9,1.9521484,1.9521484,0.744974624987817,1.1160338753376,0.978879082354151,5.621252,1,1,1,2,7.0210138499607e-17,1.56027829797671,0
9,1.9521484,1.9521484,0.40509067726993,1.14161093326845,0.879058789648838,5.621252,1,1,1,2,7.0210138499607e-17,1.49859951945091,0
9,1.9521484,1.9521484,0.173881224506147,1.16160877672623,1.00526739277364,5.621252,1,1,1,2,7.0210138499607e-17,1.54063858215265,0
9,1.9521484,1.9521484,0.11117780849559,0.850655530179924,0.963857389711801,5.621252,1,1,1,2,7.0210138499607e-17,1.51743088553948,0
9,1.9521484,1.9521484,0.14184128451822,0.962594152670143,0.93511041116488,5.621252,1,1,1,2,7.0210138499607e-17,1.44342828015416,0
9,1.9521484,1.9521484,0.368625819405367,0.303407578793318,0.945635176830393,5.621252,1,1,1,2,7.0210138499607e-17,1.46761549121379,0
9,1.9521484,1.9521484,0.448860651833367,0.399815658842451,0.39014259112942,5.621252,1,1,1,2,7.0210138499607e-17,1.5479137862386,0
9,1.9521484,1.9521484,0.607616488137993,0.712610490538361,1.13104855036773,5.621252,1,1,1,2,7.0210138499607e-17,1.3239717026399,0
9,1.9521484,1.9521484,0.261223202946307,0.384129206471461,1.196288004945,5.621252,1,1,1,2,7.0210138499607e-17,1.53154911235162,0
9,1.9521484,1.9521484,0.691399396493993,1.15327045339014,1.33224768793813,5.621252,1,1,1,2,7.0210138499607e-17,1.35664824931792,0
9,1.9521484,1.9521484,0.598211378079811,0.58871240075906,0.47771509213227,5.621252,1,1,1,2,7.0210138499607e-17,1.54110818809684,0
9,1.9521484,1.9521484,0.264409773747723,0.404798367250024,0.19556360748805,5.621252,1,1,1,2,7.0210138499607e-17,1.69425185477841,0
9,1.9521484,1.9521484,0.42068742727783,0.310414249648299,0.835789720404291,5.621252,1,1,1,2,7.0210138499607e-17,1.59059079501961,0
9,1.9521484,1.9521484,0.439831813020845,0.388106893030079,0.996161692540301,5.621252,1,1,1,2,7.0210138499607e-17,1.57071571912321,0
10,1.94425042982203,1.9404350515052,1.42119916637767,1.42121099963473,1.51560356734775,5.65470663771811,1.32945171422851,1.4386686351834,1.44672846651124,1.4386686351834,0.01124447583086,1.38642482555505,0.0203766864866981
10,1.9461295454591,1.94028314484693,1.58724524400274,1.32951222879223,1.54867805684622,5.66329459772426,1.20077494357447,1.35543694147887,1.18124884643724,1.42241197054633,0.0124213704932763,1.39728936063056,0.0464639441357138
10,1.94387755264582,1.94819975577034,1.43254842586406,1.33007680911258,1.32384494028804,5.65815784504619,1.27589457900886,2.45896556053699,1.44672846651124,1.14119480431491,0.0118900660348629,1.43145723718165,0.0142390317377005
10,1.94744610484769,1.9628906,1.12207655913079,1.60071182964383,1.54098050280233,5.6385004687156,1.34683090563444,1.23890424203416,0.914991421995628,1.21998856266084,0.00813864888081373,1.47039727696593,0.0186707978267768
10,1.9628906,1.9628906,1.55941455731943,1.56634904947873,1.68526551043797,5.640744,1,1,0,1,0,1.25555797604191,8.9868977279497e-16
10,1.9628906,1.9628906,1.59393004340797,1.62048709802382,1.63162353652237,5.640744,1,1,0,1,0,1.37634907452461,8.9868977279497e-16
10,1.9628906,1.9628906,1.60867877368089,1.42510120597445,1.64441307460149,5.640744,1,1,0,1,0,1.3453565742246,8.9868977279497e-16
10,1.9628906,1.9628906,1.58404489305037,1.4336064320844,1.52091926047039,5.640744,1,1,0,1,0,1.33398291185784,8.9868977279497e-16
10,1.9628906,1.9628906,1.48597256203985,1.51209780794451,1.438230186955,5.640744,1,1,0,1,0,1.44961950849808,8.9868977279497e-16
10,1.9628906,1.9628906,1.42310520140718,1.55813830661364,1.32601728976832,5.640744,1,1,0,1,0,1.44817040072158,8.9868977279497e-16
10,1.9628906,1.9628906,1.32212237417471,1.45461773967164,1.54611106202121,5.640744,1,1,0,1,0,1.46014108418784,8.9868977279497e-16
10,1.9628906,1.9628906,1.461067048188,1.71916742371162,1.59260790813985,5.640744,1,1,0,1,0,1.36660686172338,8.9868977279497e-16
10,1.9628906,1.9628906,1.29391030321162,1.42942853938355,1.64168135590981,5.640744,1,1,0,1,0,1.46713276407353,8.9868977279497e-16
10,1.9628906,1.9628906,1.48551640483061,1.48232457851787,1.44404377716159,5.640744,1,1,0,1,0,1.39619959608264,8.9868977279497e-16
10,1.9628906,1.9628906,1.60854836191355,1.54693543038359,1.55530924854411,5.640744,1,1,0,1,0,1.33992113695631,8.9868977279497e-16
10,1.9628906,1.9628906,1.47797683947751,1.46554194105922,1.68187556115417,5.640744,1,1,0,1,0,1.42816300524552,8.9868977279497e-16
10,1.9628906,1.9628906,1.36866839544401,1.55877084339529,1.59357580631064,5.640744,1,1,0,1,0,1.43104078521884,8.9868977279497e-16
10,1.9628906,1.9628906,1.58461346343203,1.45592182391898,1.46373359104588,5.640744,1,1,0,1,0,1.445573203871,8.9868977279497e-16
10,1.9628906,1.9628906,1.49935012298279,1.60486491499117,1.49878765449965,5.640744,1,1,0,1,0,1.42075058349809,8.9868977279497e-16
10,1.9628906,1.9628906,1.51103527061825,1.60586134451068,1.58817737361575,5.640744,1,1,0,1,0,1.41597895278289,8.9868977279497e-16
